Domain Code,Domain,Area Code,Area,Element Code,Element,Item Code,Item,Year Code,Year,Unit,Value,Flag,Flag Description
"QC","Crops","109","Jamaica","5312","Area harvested","242","Groundnuts, with shell","1961","1961","ha","175","F","FAO estimate"
"QC","Crops","109","Jamaica","5312","Area harvested","242","Groundnuts, with shell","1962","1962","ha","145","F","FAO estimate"
"QC","Crops","109","Jamaica","5312","Area harvested","242","Groundnuts, with shell","1963","1963","ha","145","F","FAO estimate"
"QC","Crops","109","Jamaica","5312","Area harvested","242","Groundnuts, with shell","1964","1964","ha","265","","Official data"
"QC","Crops","109","Jamaica","5312","Area harvested","242","Groundnuts, with shell","1965","1965","ha","166","","Official data"
"QC","Crops","109","Jamaica","5312","Area harvested","242","Groundnuts, with shell","1966","1966","ha","322","","Official data"
"QC","Crops","109","Jamaica","5312","Area harvested","242","Groundnuts, with shell","1967","1967","ha","494","","Official data"
"QC","Crops","109","Jamaica","5312","Area harvested","242","Groundnuts, with shell","1968","1968","ha","758","","Official data"
"QC","Crops","109","Jamaica","5312","Area harvested","242","Groundnuts, with shell","1969","1969","ha","664","","Official data"
"QC","Crops","109","Jamaica","5312","Area harvested","242","Groundnuts, with shell","1970","1970","ha","622","","Official data"
"QC","Crops","109","Jamaica","5312","Area harvested","242","Groundnuts, with shell","1971","1971","ha","1150","","Official data"
"QC","Crops","109","Jamaica","5312","Area harvested","242","Groundnuts, with shell","1972","1972","ha","908","","Official data"
"QC","Crops","109","Jamaica","5312","Area harvested","242","Groundnuts, with shell","1973","1973","ha","908","","Official data"
"QC","Crops","109","Jamaica","5312","Area harvested","242","Groundnuts, with shell","1974","1974","ha","1044","","Official data"
"QC","Crops","109","Jamaica","5312","Area harvested","242","Groundnuts, with shell","1975","1975","ha","983","","Official data"
"QC","Crops","109","Jamaica","5312","Area harvested","242","Groundnuts, with shell","1976","1976","ha","579","","Official data"
"QC","Crops","109","Jamaica","5312","Area harvested","242","Groundnuts, with shell","1977","1977","ha","1495","","Official data"
"QC","Crops","109","Jamaica","5312","Area harvested","242","Groundnuts, with shell","1978","1978","ha","2568","","Official data"
"QC","Crops","109","Jamaica","5312","Area harvested","242","Groundnuts, with shell","1979","1979","ha","2021","","Official data"
"QC","Crops","109","Jamaica","5312","Area harvested","242","Groundnuts, with shell","1980","1980","ha","1906","","Official data"
"QC","Crops","109","Jamaica","5312","Area harvested","242","Groundnuts, with shell","1981","1981","ha","1698","","Official data"
"QC","Crops","109","Jamaica","5312","Area harvested","242","Groundnuts, with shell","1982","1982","ha","1831","","Official data"
"QC","Crops","109","Jamaica","5312","Area harvested","242","Groundnuts, with shell","1983","1983","ha","2263","","Official data"
"QC","Crops","109","Jamaica","5312","Area harvested","242","Groundnuts, with shell","1984","1984","ha","2378","","Official data"
"QC","Crops","109","Jamaica","5312","Area harvested","242","Groundnuts, with shell","1985","1985","ha","2687","","Official data"
"QC","Crops","109","Jamaica","5312","Area harvested","242","Groundnuts, with shell","1986","1986","ha","1994","","Official data"
"QC","Crops","109","Jamaica","5312","Area harvested","242","Groundnuts, with shell","1987","1987","ha","2635","","Official data"
"QC","Crops","109","Jamaica","5312","Area harvested","242","Groundnuts, with shell","1988","1988","ha","1677","","Official data"
"QC","Crops","109","Jamaica","5312","Area harvested","242","Groundnuts, with shell","1989","1989","ha","2138","","Official data"
"QC","Crops","109","Jamaica","5312","Area harvested","242","Groundnuts, with shell","1990","1990","ha","1875","","Official data"
"QC","Crops","109","Jamaica","5312","Area harvested","242","Groundnuts, with shell","1991","1991","ha","2245","","Official data"
"QC","Crops","109","Jamaica","5312","Area harvested","242","Groundnuts, with shell","1992","1992","ha","3389","","Official data"
"QC","Crops","109","Jamaica","5312","Area harvested","242","Groundnuts, with shell","1993","1993","ha","3600","F","FAO estimate"
"QC","Crops","109","Jamaica","5312","Area harvested","242","Groundnuts, with shell","1994","1994","ha","3650","F","FAO estimate"
"QC","Crops","109","Jamaica","5312","Area harvested","242","Groundnuts, with shell","1995","1995","ha","3311","","Official data"
"QC","Crops","109","Jamaica","5312","Area harvested","242","Groundnuts, with shell","1996","1996","ha","2989","","Official data"
"QC","Crops","109","Jamaica","5312","Area harvested","242","Groundnuts, with shell","1997","1997","ha","2901","","Official data"
"QC","Crops","109","Jamaica","5312","Area harvested","242","Groundnuts, with shell","1998","1998","ha","3055","","Official data"
"QC","Crops","109","Jamaica","5312","Area harvested","242","Groundnuts, with shell","1999","1999","ha","2768","","Official data"
"QC","Crops","109","Jamaica","5312","Area harvested","242","Groundnuts, with shell","2000","2000","ha","2383","","Official data"
"QC","Crops","109","Jamaica","5312","Area harvested","242","Groundnuts, with shell","2001","2001","ha","3507","","Official data"
"QC","Crops","109","Jamaica","5312","Area harvested","242","Groundnuts, with shell","2002","2002","ha","2738","","Official data"
"QC","Crops","109","Jamaica","5312","Area harvested","242","Groundnuts, with shell","2003","2003","ha","2457","","Official data"
"QC","Crops","109","Jamaica","5312","Area harvested","242","Groundnuts, with shell","2004","2004","ha","2000","","Official data"
"QC","Crops","109","Jamaica","5312","Area harvested","242","Groundnuts, with shell","2005","2005","ha","2504","","Official data"
"QC","Crops","109","Jamaica","5312","Area harvested","242","Groundnuts, with shell","2006","2006","ha","2459","","Official data"
"QC","Crops","109","Jamaica","5312","Area harvested","242","Groundnuts, with shell","2007","2007","ha","2729","","Official data"
"QC","Crops","109","Jamaica","5312","Area harvested","242","Groundnuts, with shell","2008","2008","ha","1950","","Official data"
"QC","Crops","109","Jamaica","5312","Area harvested","242","Groundnuts, with shell","2009","2009","ha","1916","","Official data"
"QC","Crops","109","Jamaica","5312","Area harvested","242","Groundnuts, with shell","2010","2010","ha","1751","","Official data"
"QC","Crops","109","Jamaica","5312","Area harvested","242","Groundnuts, with shell","2011","2011","ha","2013","","Official data"
"QC","Crops","109","Jamaica","5312","Area harvested","242","Groundnuts, with shell","2012","2012","ha","2125","","Official data"
"QC","Crops","109","Jamaica","5312","Area harvested","242","Groundnuts, with shell","2013","2013","ha","2218","","Official data"
"QC","Crops","109","Jamaica","5312","Area harvested","242","Groundnuts, with shell","2014","2014","ha","2006","","Official data"
"QC","Crops","109","Jamaica","5312","Area harvested","242","Groundnuts, with shell","2015","2015","ha","2024","","Official data"
"QC","Crops","109","Jamaica","5312","Area harvested","242","Groundnuts, with shell","2016","2016","ha","2332","","Official data"
"QC","Crops","109","Jamaica","5312","Area harvested","242","Groundnuts, with shell","2017","2017","ha","2360","","Official data"
"QC","Crops","109","Jamaica","5312","Area harvested","242","Groundnuts, with shell","2018","2018","ha","2163","","Official data"
"QC","Crops","109","Jamaica","5312","Area harvested","242","Groundnuts, with shell","2019","2019","ha","1962","","Official data"
"QC","Crops","109","Jamaica","5419","Yield","242","Groundnuts, with shell","1961","1961","hg/ha","22571","Fc","Calculated data"
"QC","Crops","109","Jamaica","5419","Yield","242","Groundnuts, with shell","1962","1962","hg/ha","21931","Fc","Calculated data"
"QC","Crops","109","Jamaica","5419","Yield","242","Groundnuts, with shell","1963","1963","hg/ha","21931","Fc","Calculated data"
"QC","Crops","109","Jamaica","5419","Yield","242","Groundnuts, with shell","1964","1964","hg/ha","22151","Fc","Calculated data"
"QC","Crops","109","Jamaica","5419","Yield","242","Groundnuts, with shell","1965","1965","hg/ha","22048","Fc","Calculated data"
"QC","Crops","109","Jamaica","5419","Yield","242","Groundnuts, with shell","1966","1966","hg/ha","19720","Fc","Calculated data"
"QC","Crops","109","Jamaica","5419","Yield","242","Groundnuts, with shell","1967","1967","hg/ha","11134","Fc","Calculated data"
"QC","Crops","109","Jamaica","5419","Yield","242","Groundnuts, with shell","1968","1968","hg/ha","9288","Fc","Calculated data"
"QC","Crops","109","Jamaica","5419","Yield","242","Groundnuts, with shell","1969","1969","hg/ha","8901","Fc","Calculated data"
"QC","Crops","109","Jamaica","5419","Yield","242","Groundnuts, with shell","1970","1970","hg/ha","10740","Fc","Calculated data"
"QC","Crops","109","Jamaica","5419","Yield","242","Groundnuts, with shell","1971","1971","hg/ha","10017","Fc","Calculated data"
"QC","Crops","109","Jamaica","5419","Yield","242","Groundnuts, with shell","1972","1972","hg/ha","10793","Fc","Calculated data"
"QC","Crops","109","Jamaica","5419","Yield","242","Groundnuts, with shell","1973","1973","hg/ha","11916","Fc","Calculated data"
"QC","Crops","109","Jamaica","5419","Yield","242","Groundnuts, with shell","1974","1974","hg/ha","11111","Fc","Calculated data"
"QC","Crops","109","Jamaica","5419","Yield","242","Groundnuts, with shell","1975","1975","hg/ha","10804","Fc","Calculated data"
"QC","Crops","109","Jamaica","5419","Yield","242","Groundnuts, with shell","1976","1976","hg/ha","7997","Fc","Calculated data"
"QC","Crops","109","Jamaica","5419","Yield","242","Groundnuts, with shell","1977","1977","hg/ha","10488","Fc","Calculated data"
"QC","Crops","109","Jamaica","5419","Yield","242","Groundnuts, with shell","1978","1978","hg/ha","8006","Fc","Calculated data"
"QC","Crops","109","Jamaica","5419","Yield","242","Groundnuts, with shell","1979","1979","hg/ha","12434","Fc","Calculated data"
"QC","Crops","109","Jamaica","5419","Yield","242","Groundnuts, with shell","1980","1980","hg/ha","11952","Fc","Calculated data"
"QC","Crops","109","Jamaica","5419","Yield","242","Groundnuts, with shell","1981","1981","hg/ha","12273","Fc","Calculated data"
"QC","Crops","109","Jamaica","5419","Yield","242","Groundnuts, with shell","1982","1982","hg/ha","12365","Fc","Calculated data"
"QC","Crops","109","Jamaica","5419","Yield","242","Groundnuts, with shell","1983","1983","hg/ha","11471","Fc","Calculated data"
"QC","Crops","109","Jamaica","5419","Yield","242","Groundnuts, with shell","1984","1984","hg/ha","10652","Fc","Calculated data"
"QC","Crops","109","Jamaica","5419","Yield","242","Groundnuts, with shell","1985","1985","hg/ha","11969","Fc","Calculated data"
"QC","Crops","109","Jamaica","5419","Yield","242","Groundnuts, with shell","1986","1986","hg/ha","10692","Fc","Calculated data"
"QC","Crops","109","Jamaica","5419","Yield","242","Groundnuts, with shell","1987","1987","hg/ha","10892","Fc","Calculated data"
"QC","Crops","109","Jamaica","5419","Yield","242","Groundnuts, with shell","1988","1988","hg/ha","9529","Fc","Calculated data"
"QC","Crops","109","Jamaica","5419","Yield","242","Groundnuts, with shell","1989","1989","hg/ha","11370","Fc","Calculated data"
"QC","Crops","109","Jamaica","5419","Yield","242","Groundnuts, with shell","1990","1990","hg/ha","9925","Fc","Calculated data"
"QC","Crops","109","Jamaica","5419","Yield","242","Groundnuts, with shell","1991","1991","hg/ha","10628","Fc","Calculated data"
"QC","Crops","109","Jamaica","5419","Yield","242","Groundnuts, with shell","1992","1992","hg/ha","12125","Fc","Calculated data"
"QC","Crops","109","Jamaica","5419","Yield","242","Groundnuts, with shell","1993","1993","hg/ha","12169","Fc","Calculated data"
"QC","Crops","109","Jamaica","5419","Yield","242","Groundnuts, with shell","1994","1994","hg/ha","12211","Fc","Calculated data"
"QC","Crops","109","Jamaica","5419","Yield","242","Groundnuts, with shell","1995","1995","hg/ha","12504","Fc","Calculated data"
"QC","Crops","109","Jamaica","5419","Yield","242","Groundnuts, with shell","1996","1996","hg/ha","13416","Fc","Calculated data"
"QC","Crops","109","Jamaica","5419","Yield","242","Groundnuts, with shell","1997","1997","hg/ha","12248","Fc","Calculated data"
"QC","Crops","109","Jamaica","5419","Yield","242","Groundnuts, with shell","1998","1998","hg/ha","11083","Fc","Calculated data"
"QC","Crops","109","Jamaica","5419","Yield","242","Groundnuts, with shell","1999","1999","hg/ha","12449","Fc","Calculated data"
"QC","Crops","109","Jamaica","5419","Yield","242","Groundnuts, with shell","2000","2000","hg/ha","11607","Fc","Calculated data"
"QC","Crops","109","Jamaica","5419","Yield","242","Groundnuts, with shell","2001","2001","hg/ha","12649","Fc","Calculated data"
"QC","Crops","109","Jamaica","5419","Yield","242","Groundnuts, with shell","2002","2002","hg/ha","11012","Fc","Calculated data"
"QC","Crops","109","Jamaica","5419","Yield","242","Groundnuts, with shell","2003","2003","hg/ha","12702","Fc","Calculated data"
"QC","Crops","109","Jamaica","5419","Yield","242","Groundnuts, with shell","2004","2004","hg/ha","12860","Fc","Calculated data"
"QC","Crops","109","Jamaica","5419","Yield","242","Groundnuts, with shell","2005","2005","hg/ha","12680","Fc","Calculated data"
"QC","Crops","109","Jamaica","5419","Yield","242","Groundnuts, with shell","2006","2006","hg/ha","13880","Fc","Calculated data"
"QC","Crops","109","Jamaica","5419","Yield","242","Groundnuts, with shell","2007","2007","hg/ha","13661","Fc","Calculated data"
"QC","Crops","109","Jamaica","5419","Yield","242","Groundnuts, with shell","2008","2008","hg/ha","14487","Fc","Calculated data"
"QC","Crops","109","Jamaica","5419","Yield","242","Groundnuts, with shell","2009","2009","hg/ha","14113","Fc","Calculated data"
"QC","Crops","109","Jamaica","5419","Yield","242","Groundnuts, with shell","2010","2010","hg/ha","11462","Fc","Calculated data"
"QC","Crops","109","Jamaica","5419","Yield","242","Groundnuts, with shell","2011","2011","hg/ha","13130","Fc","Calculated data"
"QC","Crops","109","Jamaica","5419","Yield","242","Groundnuts, with shell","2012","2012","hg/ha","12711","Fc","Calculated data"
"QC","Crops","109","Jamaica","5419","Yield","242","Groundnuts, with shell","2013","2013","hg/ha","12768","Fc","Calculated data"
"QC","Crops","109","Jamaica","5419","Yield","242","Groundnuts, with shell","2014","2014","hg/ha","12288","Fc","Calculated data"
"QC","Crops","109","Jamaica","5419","Yield","242","Groundnuts, with shell","2015","2015","hg/ha","11250","Fc","Calculated data"
"QC","Crops","109","Jamaica","5419","Yield","242","Groundnuts, with shell","2016","2016","hg/ha","12453","Fc","Calculated data"
"QC","Crops","109","Jamaica","5419","Yield","242","Groundnuts, with shell","2017","2017","hg/ha","12195","Fc","Calculated data"
"QC","Crops","109","Jamaica","5419","Yield","242","Groundnuts, with shell","2018","2018","hg/ha","10527","Fc","Calculated data"
"QC","Crops","109","Jamaica","5419","Yield","242","Groundnuts, with shell","2019","2019","hg/ha","11600","Fc","Calculated data"
"QC","Crops","109","Jamaica","5510","Production","242","Groundnuts, with shell","1961","1961","tonnes","395","","Official data"
"QC","Crops","109","Jamaica","5510","Production","242","Groundnuts, with shell","1962","1962","tonnes","318","","Official data"
"QC","Crops","109","Jamaica","5510","Production","242","Groundnuts, with shell","1963","1963","tonnes","318","","Official data"
"QC","Crops","109","Jamaica","5510","Production","242","Groundnuts, with shell","1964","1964","tonnes","587","","Official data"
"QC","Crops","109","Jamaica","5510","Production","242","Groundnuts, with shell","1965","1965","tonnes","366","","Official data"
"QC","Crops","109","Jamaica","5510","Production","242","Groundnuts, with shell","1966","1966","tonnes","635","","Official data"
"QC","Crops","109","Jamaica","5510","Production","242","Groundnuts, with shell","1967","1967","tonnes","550","","Official data"
"QC","Crops","109","Jamaica","5510","Production","242","Groundnuts, with shell","1968","1968","tonnes","704","","Official data"
"QC","Crops","109","Jamaica","5510","Production","242","Groundnuts, with shell","1969","1969","tonnes","591","","Official data"
"QC","Crops","109","Jamaica","5510","Production","242","Groundnuts, with shell","1970","1970","tonnes","668","","Official data"
"QC","Crops","109","Jamaica","5510","Production","242","Groundnuts, with shell","1971","1971","tonnes","1152","","Official data"
"QC","Crops","109","Jamaica","5510","Production","242","Groundnuts, with shell","1972","1972","tonnes","980","","Official data"
"QC","Crops","109","Jamaica","5510","Production","242","Groundnuts, with shell","1973","1973","tonnes","1082","","Official data"
"QC","Crops","109","Jamaica","5510","Production","242","Groundnuts, with shell","1974","1974","tonnes","1160","","Official data"
"QC","Crops","109","Jamaica","5510","Production","242","Groundnuts, with shell","1975","1975","tonnes","1062","","Official data"
"QC","Crops","109","Jamaica","5510","Production","242","Groundnuts, with shell","1976","1976","tonnes","463","","Official data"
"QC","Crops","109","Jamaica","5510","Production","242","Groundnuts, with shell","1977","1977","tonnes","1568","","Official data"
"QC","Crops","109","Jamaica","5510","Production","242","Groundnuts, with shell","1978","1978","tonnes","2056","","Official data"
"QC","Crops","109","Jamaica","5510","Production","242","Groundnuts, with shell","1979","1979","tonnes","2513","","Official data"
"QC","Crops","109","Jamaica","5510","Production","242","Groundnuts, with shell","1980","1980","tonnes","2278","","Official data"
"QC","Crops","109","Jamaica","5510","Production","242","Groundnuts, with shell","1981","1981","tonnes","2084","","Official data"
"QC","Crops","109","Jamaica","5510","Production","242","Groundnuts, with shell","1982","1982","tonnes","2264","","Official data"
"QC","Crops","109","Jamaica","5510","Production","242","Groundnuts, with shell","1983","1983","tonnes","2596","","Official data"
"QC","Crops","109","Jamaica","5510","Production","242","Groundnuts, with shell","1984","1984","tonnes","2533","","Official data"
"QC","Crops","109","Jamaica","5510","Production","242","Groundnuts, with shell","1985","1985","tonnes","3216","","Official data"
"QC","Crops","109","Jamaica","5510","Production","242","Groundnuts, with shell","1986","1986","tonnes","2132","","Official data"
"QC","Crops","109","Jamaica","5510","Production","242","Groundnuts, with shell","1987","1987","tonnes","2870","","Official data"
"QC","Crops","109","Jamaica","5510","Production","242","Groundnuts, with shell","1988","1988","tonnes","1598","","Official data"
"QC","Crops","109","Jamaica","5510","Production","242","Groundnuts, with shell","1989","1989","tonnes","2431","","Official data"
"QC","Crops","109","Jamaica","5510","Production","242","Groundnuts, with shell","1990","1990","tonnes","1861","","Official data"
"QC","Crops","109","Jamaica","5510","Production","242","Groundnuts, with shell","1991","1991","tonnes","2386","","Official data"
"QC","Crops","109","Jamaica","5510","Production","242","Groundnuts, with shell","1992","1992","tonnes","4109","","Official data"
"QC","Crops","109","Jamaica","5510","Production","242","Groundnuts, with shell","1993","1993","tonnes","4381","","Official data"
"QC","Crops","109","Jamaica","5510","Production","242","Groundnuts, with shell","1994","1994","tonnes","4457","","Official data"
"QC","Crops","109","Jamaica","5510","Production","242","Groundnuts, with shell","1995","1995","tonnes","4140","","Official data"
"QC","Crops","109","Jamaica","5510","Production","242","Groundnuts, with shell","1996","1996","tonnes","4010","","Official data"
"QC","Crops","109","Jamaica","5510","Production","242","Groundnuts, with shell","1997","1997","tonnes","3553","","Official data"
"QC","Crops","109","Jamaica","5510","Production","242","Groundnuts, with shell","1998","1998","tonnes","3386","","Official data"
"QC","Crops","109","Jamaica","5510","Production","242","Groundnuts, with shell","1999","1999","tonnes","3446","","Official data"
"QC","Crops","109","Jamaica","5510","Production","242","Groundnuts, with shell","2000","2000","tonnes","2766","","Official data"
"QC","Crops","109","Jamaica","5510","Production","242","Groundnuts, with shell","2001","2001","tonnes","4436","","Official data"
"QC","Crops","109","Jamaica","5510","Production","242","Groundnuts, with shell","2002","2002","tonnes","3015","","Official data"
"QC","Crops","109","Jamaica","5510","Production","242","Groundnuts, with shell","2003","2003","tonnes","3121","","Official data"
"QC","Crops","109","Jamaica","5510","Production","242","Groundnuts, with shell","2004","2004","tonnes","2572","","Official data"
"QC","Crops","109","Jamaica","5510","Production","242","Groundnuts, with shell","2005","2005","tonnes","3175","","Official data"
"QC","Crops","109","Jamaica","5510","Production","242","Groundnuts, with shell","2006","2006","tonnes","3413","","Official data"
"QC","Crops","109","Jamaica","5510","Production","242","Groundnuts, with shell","2007","2007","tonnes","3728","","Official data"
"QC","Crops","109","Jamaica","5510","Production","242","Groundnuts, with shell","2008","2008","tonnes","2825","","Official data"
"QC","Crops","109","Jamaica","5510","Production","242","Groundnuts, with shell","2009","2009","tonnes","2704","","Official data"
"QC","Crops","109","Jamaica","5510","Production","242","Groundnuts, with shell","2010","2010","tonnes","2007","","Official data"
"QC","Crops","109","Jamaica","5510","Production","242","Groundnuts, with shell","2011","2011","tonnes","2643","","Official data"
"QC","Crops","109","Jamaica","5510","Production","242","Groundnuts, with shell","2012","2012","tonnes","2701","","Official data"
"QC","Crops","109","Jamaica","5510","Production","242","Groundnuts, with shell","2013","2013","tonnes","2832","","Official data"
"QC","Crops","109","Jamaica","5510","Production","242","Groundnuts, with shell","2014","2014","tonnes","2465","","Official data"
"QC","Crops","109","Jamaica","5510","Production","242","Groundnuts, with shell","2015","2015","tonnes","2277","","Official data"
"QC","Crops","109","Jamaica","5510","Production","242","Groundnuts, with shell","2016","2016","tonnes","2904","","Official data"
"QC","Crops","109","Jamaica","5510","Production","242","Groundnuts, with shell","2017","2017","tonnes","2878","","Official data"
"QC","Crops","109","Jamaica","5510","Production","242","Groundnuts, with shell","2018","2018","tonnes","2277","","Official data"
"QC","Crops","109","Jamaica","5510","Production","242","Groundnuts, with shell","2019","2019","tonnes","2276","","Official data"
"QC","Crops","109","Jamaica","5312","Area harvested","122","Sweet potatoes","1961","1961","ha","950","F","FAO estimate"
"QC","Crops","109","Jamaica","5312","Area harvested","122","Sweet potatoes","1962","1962","ha","980","F","FAO estimate"
"QC","Crops","109","Jamaica","5312","Area harvested","122","Sweet potatoes","1963","1963","ha","1300","F","FAO estimate"
"QC","Crops","109","Jamaica","5312","Area harvested","122","Sweet potatoes","1964","1964","ha","1839","","Official data"
"QC","Crops","109","Jamaica","5312","Area harvested","122","Sweet potatoes","1965","1965","ha","1766","","Official data"
"QC","Crops","109","Jamaica","5312","Area harvested","122","Sweet potatoes","1966","1966","ha","2754","","Official data"
"QC","Crops","109","Jamaica","5312","Area harvested","122","Sweet potatoes","1967","1967","ha","1509","","Official data"
"QC","Crops","109","Jamaica","5312","Area harvested","122","Sweet potatoes","1968","1968","ha","1956","","Official data"
"QC","Crops","109","Jamaica","5312","Area harvested","122","Sweet potatoes","1969","1969","ha","1872","","Official data"
"QC","Crops","109","Jamaica","5312","Area harvested","122","Sweet potatoes","1970","1970","ha","1702","","Official data"
"QC","Crops","109","Jamaica","5312","Area harvested","122","Sweet potatoes","1971","1971","ha","2447","","Official data"
"QC","Crops","109","Jamaica","5312","Area harvested","122","Sweet potatoes","1972","1972","ha","2604","","Official data"
"QC","Crops","109","Jamaica","5312","Area harvested","122","Sweet potatoes","1973","1973","ha","2142","","Official data"
"QC","Crops","109","Jamaica","5312","Area harvested","122","Sweet potatoes","1974","1974","ha","2533","","Official data"
"QC","Crops","109","Jamaica","5312","Area harvested","122","Sweet potatoes","1975","1975","ha","2048","","Official data"
"QC","Crops","109","Jamaica","5312","Area harvested","122","Sweet potatoes","1976","1976","ha","1971","","Official data"
"QC","Crops","109","Jamaica","5312","Area harvested","122","Sweet potatoes","1977","1977","ha","2599","","Official data"
"QC","Crops","109","Jamaica","5312","Area harvested","122","Sweet potatoes","1978","1978","ha","4764","","Official data"
"QC","Crops","109","Jamaica","5312","Area harvested","122","Sweet potatoes","1979","1979","ha","2363","","Official data"
"QC","Crops","109","Jamaica","5312","Area harvested","122","Sweet potatoes","1980","1980","ha","2288","","Official data"
"QC","Crops","109","Jamaica","5312","Area harvested","122","Sweet potatoes","1981","1981","ha","2706","","Official data"
"QC","Crops","109","Jamaica","5312","Area harvested","122","Sweet potatoes","1982","1982","ha","1994","","Official data"
"QC","Crops","109","Jamaica","5312","Area harvested","122","Sweet potatoes","1983","1983","ha","2358","","Official data"
"QC","Crops","109","Jamaica","5312","Area harvested","122","Sweet potatoes","1984","1984","ha","3221","","Official data"
"QC","Crops","109","Jamaica","5312","Area harvested","122","Sweet potatoes","1985","1985","ha","2838","","Official data"
"QC","Crops","109","Jamaica","5312","Area harvested","122","Sweet potatoes","1986","1986","ha","2441","","Official data"
"QC","Crops","109","Jamaica","5312","Area harvested","122","Sweet potatoes","1987","1987","ha","2180","","Official data"
"QC","Crops","109","Jamaica","5312","Area harvested","122","Sweet potatoes","1988","1988","ha","1851","","Official data"
"QC","Crops","109","Jamaica","5312","Area harvested","122","Sweet potatoes","1989","1989","ha","1915","","Official data"
"QC","Crops","109","Jamaica","5312","Area harvested","122","Sweet potatoes","1990","1990","ha","1907","","Official data"
"QC","Crops","109","Jamaica","5312","Area harvested","122","Sweet potatoes","1991","1991","ha","1607","","Official data"
"QC","Crops","109","Jamaica","5312","Area harvested","122","Sweet potatoes","1992","1992","ha","1774","","Official data"
"QC","Crops","109","Jamaica","5312","Area harvested","122","Sweet potatoes","1993","1993","ha","1746","","Official data"
"QC","Crops","109","Jamaica","5312","Area harvested","122","Sweet potatoes","1994","1994","ha","1915","","Official data"
"QC","Crops","109","Jamaica","5312","Area harvested","122","Sweet potatoes","1995","1995","ha","1991","","Official data"
"QC","Crops","109","Jamaica","5312","Area harvested","122","Sweet potatoes","1996","1996","ha","2020","","Official data"
"QC","Crops","109","Jamaica","5312","Area harvested","122","Sweet potatoes","1997","1997","ha","1530","","Official data"
"QC","Crops","109","Jamaica","5312","Area harvested","122","Sweet potatoes","1998","1998","ha","1698","","Official data"
"QC","Crops","109","Jamaica","5312","Area harvested","122","Sweet potatoes","1999","1999","ha","1543","","Official data"
"QC","Crops","109","Jamaica","5312","Area harvested","122","Sweet potatoes","2000","2000","ha","1294","","Official data"
"QC","Crops","109","Jamaica","5312","Area harvested","122","Sweet potatoes","2001","2001","ha","1508","","Official data"
"QC","Crops","109","Jamaica","5312","Area harvested","122","Sweet potatoes","2002","2002","ha","1238","","Official data"
"QC","Crops","109","Jamaica","5312","Area harvested","122","Sweet potatoes","2003","2003","ha","1400","","Official data"
"QC","Crops","109","Jamaica","5312","Area harvested","122","Sweet potatoes","2004","2004","ha","1158","","Official data"
"QC","Crops","109","Jamaica","5312","Area harvested","122","Sweet potatoes","2005","2005","ha","1535","","Official data"
"QC","Crops","109","Jamaica","5312","Area harvested","122","Sweet potatoes","2006","2006","ha","1653","","Official data"
"QC","Crops","109","Jamaica","5312","Area harvested","122","Sweet potatoes","2007","2007","ha","1576","","Official data"
"QC","Crops","109","Jamaica","5312","Area harvested","122","Sweet potatoes","2008","2008","ha","1533","","Official data"
"QC","Crops","109","Jamaica","5312","Area harvested","122","Sweet potatoes","2009","2009","ha","2004","","Official data"
"QC","Crops","109","Jamaica","5312","Area harvested","122","Sweet potatoes","2010","2010","ha","2122","","Official data"
"QC","Crops","109","Jamaica","5312","Area harvested","122","Sweet potatoes","2011","2011","ha","2306","","Official data"
"QC","Crops","109","Jamaica","5312","Area harvested","122","Sweet potatoes","2012","2012","ha","2468","","Official data"
"QC","Crops","109","Jamaica","5312","Area harvested","122","Sweet potatoes","2013","2013","ha","2561","","Official data"
"QC","Crops","109","Jamaica","5312","Area harvested","122","Sweet potatoes","2014","2014","ha","2364","","Official data"
"QC","Crops","109","Jamaica","5312","Area harvested","122","Sweet potatoes","2015","2015","ha","2405","","Official data"
"QC","Crops","109","Jamaica","5312","Area harvested","122","Sweet potatoes","2016","2016","ha","2752","","Official data"
"QC","Crops","109","Jamaica","5312","Area harvested","122","Sweet potatoes","2017","2017","ha","2438","","Official data"
"QC","Crops","109","Jamaica","5312","Area harvested","122","Sweet potatoes","2018","2018","ha","2509","","Official data"
"QC","Crops","109","Jamaica","5312","Area harvested","122","Sweet potatoes","2019","2019","ha","2456","","Official data"
"QC","Crops","109","Jamaica","5419","Yield","122","Sweet potatoes","1961","1961","hg/ha","92600","Fc","Calculated data"
"QC","Crops","109","Jamaica","5419","Yield","122","Sweet potatoes","1962","1962","hg/ha","83316","Fc","Calculated data"
"QC","Crops","109","Jamaica","5419","Yield","122","Sweet potatoes","1963","1963","hg/ha","83738","Fc","Calculated data"
"QC","Crops","109","Jamaica","5419","Yield","122","Sweet potatoes","1964","1964","hg/ha","82877","Fc","Calculated data"
"QC","Crops","109","Jamaica","5419","Yield","122","Sweet potatoes","1965","1965","hg/ha","82684","Fc","Calculated data"
"QC","Crops","109","Jamaica","5419","Yield","122","Sweet potatoes","1966","1966","hg/ha","73976","Fc","Calculated data"
"QC","Crops","109","Jamaica","5419","Yield","122","Sweet potatoes","1967","1967","hg/ha","73459","Fc","Calculated data"
"QC","Crops","109","Jamaica","5419","Yield","122","Sweet potatoes","1968","1968","hg/ha","62935","Fc","Calculated data"
"QC","Crops","109","Jamaica","5419","Yield","122","Sweet potatoes","1969","1969","hg/ha","81848","Fc","Calculated data"
"QC","Crops","109","Jamaica","5419","Yield","122","Sweet potatoes","1970","1970","hg/ha","74495","Fc","Calculated data"
"QC","Crops","109","Jamaica","5419","Yield","122","Sweet potatoes","1971","1971","hg/ha","80033","Fc","Calculated data"
"QC","Crops","109","Jamaica","5419","Yield","122","Sweet potatoes","1972","1972","hg/ha","76601","Fc","Calculated data"
"QC","Crops","109","Jamaica","5419","Yield","122","Sweet potatoes","1973","1973","hg/ha","75280","Fc","Calculated data"
"QC","Crops","109","Jamaica","5419","Yield","122","Sweet potatoes","1974","1974","hg/ha","81729","Fc","Calculated data"
"QC","Crops","109","Jamaica","5419","Yield","122","Sweet potatoes","1975","1975","hg/ha","73662","Fc","Calculated data"
"QC","Crops","109","Jamaica","5419","Yield","122","Sweet potatoes","1976","1976","hg/ha","82938","Fc","Calculated data"
"QC","Crops","109","Jamaica","5419","Yield","122","Sweet potatoes","1977","1977","hg/ha","82940","Fc","Calculated data"
"QC","Crops","109","Jamaica","5419","Yield","122","Sweet potatoes","1978","1978","hg/ha","82332","Fc","Calculated data"
"QC","Crops","109","Jamaica","5419","Yield","122","Sweet potatoes","1979","1979","hg/ha","89556","Fc","Calculated data"
"QC","Crops","109","Jamaica","5419","Yield","122","Sweet potatoes","1980","1980","hg/ha","91814","Fc","Calculated data"
"QC","Crops","109","Jamaica","5419","Yield","122","Sweet potatoes","1981","1981","hg/ha","89364","Fc","Calculated data"
"QC","Crops","109","Jamaica","5419","Yield","122","Sweet potatoes","1982","1982","hg/ha","85351","Fc","Calculated data"
"QC","Crops","109","Jamaica","5419","Yield","122","Sweet potatoes","1983","1983","hg/ha","102159","Fc","Calculated data"
"QC","Crops","109","Jamaica","5419","Yield","122","Sweet potatoes","1984","1984","hg/ha","111447","Fc","Calculated data"
"QC","Crops","109","Jamaica","5419","Yield","122","Sweet potatoes","1985","1985","hg/ha","111614","Fc","Calculated data"
"QC","Crops","109","Jamaica","5419","Yield","122","Sweet potatoes","1986","1986","hg/ha","110520","Fc","Calculated data"
"QC","Crops","109","Jamaica","5419","Yield","122","Sweet potatoes","1987","1987","hg/ha","111564","Fc","Calculated data"
"QC","Crops","109","Jamaica","5419","Yield","122","Sweet potatoes","1988","1988","hg/ha","106953","Fc","Calculated data"
"QC","Crops","109","Jamaica","5419","Yield","122","Sweet potatoes","1989","1989","hg/ha","113927","Fc","Calculated data"
"QC","Crops","109","Jamaica","5419","Yield","122","Sweet potatoes","1990","1990","hg/ha","112543","Fc","Calculated data"
"QC","Crops","109","Jamaica","5419","Yield","122","Sweet potatoes","1991","1991","hg/ha","108643","Fc","Calculated data"
"QC","Crops","109","Jamaica","5419","Yield","122","Sweet potatoes","1992","1992","hg/ha","134109","Fc","Calculated data"
"QC","Crops","109","Jamaica","5419","Yield","122","Sweet potatoes","1993","1993","hg/ha","153282","Fc","Calculated data"
"QC","Crops","109","Jamaica","5419","Yield","122","Sweet potatoes","1994","1994","hg/ha","150512","Fc","Calculated data"
"QC","Crops","109","Jamaica","5419","Yield","122","Sweet potatoes","1995","1995","hg/ha","153491","Fc","Calculated data"
"QC","Crops","109","Jamaica","5419","Yield","122","Sweet potatoes","1996","1996","hg/ha","164446","Fc","Calculated data"
"QC","Crops","109","Jamaica","5419","Yield","122","Sweet potatoes","1997","1997","hg/ha","152379","Fc","Calculated data"
"QC","Crops","109","Jamaica","5419","Yield","122","Sweet potatoes","1998","1998","hg/ha","159788","Fc","Calculated data"
"QC","Crops","109","Jamaica","5419","Yield","122","Sweet potatoes","1999","1999","hg/ha","161828","Fc","Calculated data"
"QC","Crops","109","Jamaica","5419","Yield","122","Sweet potatoes","2000","2000","hg/ha","163362","Fc","Calculated data"
"QC","Crops","109","Jamaica","5419","Yield","122","Sweet potatoes","2001","2001","hg/ha","164920","Fc","Calculated data"
"QC","Crops","109","Jamaica","5419","Yield","122","Sweet potatoes","2002","2002","hg/ha","161648","Fc","Calculated data"
"QC","Crops","109","Jamaica","5419","Yield","122","Sweet potatoes","2003","2003","hg/ha","168536","Fc","Calculated data"
"QC","Crops","109","Jamaica","5419","Yield","122","Sweet potatoes","2004","2004","hg/ha","160959","Fc","Calculated data"
"QC","Crops","109","Jamaica","5419","Yield","122","Sweet potatoes","2005","2005","hg/ha","164410","Fc","Calculated data"
"QC","Crops","109","Jamaica","5419","Yield","122","Sweet potatoes","2006","2006","hg/ha","166171","Fc","Calculated data"
"QC","Crops","109","Jamaica","5419","Yield","122","Sweet potatoes","2007","2007","hg/ha","165324","Fc","Calculated data"
"QC","Crops","109","Jamaica","5419","Yield","122","Sweet potatoes","2008","2008","hg/ha","168278","Fc","Calculated data"
"QC","Crops","109","Jamaica","5419","Yield","122","Sweet potatoes","2009","2009","hg/ha","170803","Fc","Calculated data"
"QC","Crops","109","Jamaica","5419","Yield","122","Sweet potatoes","2010","2010","hg/ha","162639","Fc","Calculated data"
"QC","Crops","109","Jamaica","5419","Yield","122","Sweet potatoes","2011","2011","hg/ha","182528","Fc","Calculated data"
"QC","Crops","109","Jamaica","5419","Yield","122","Sweet potatoes","2012","2012","hg/ha","170847","Fc","Calculated data"
"QC","Crops","109","Jamaica","5419","Yield","122","Sweet potatoes","2013","2013","hg/ha","172683","Fc","Calculated data"
"QC","Crops","109","Jamaica","5419","Yield","122","Sweet potatoes","2014","2014","hg/ha","166717","Fc","Calculated data"
"QC","Crops","109","Jamaica","5419","Yield","122","Sweet potatoes","2015","2015","hg/ha","168545","Fc","Calculated data"
"QC","Crops","109","Jamaica","5419","Yield","122","Sweet potatoes","2016","2016","hg/ha","174440","Fc","Calculated data"
"QC","Crops","109","Jamaica","5419","Yield","122","Sweet potatoes","2017","2017","hg/ha","172256","Fc","Calculated data"
"QC","Crops","109","Jamaica","5419","Yield","122","Sweet potatoes","2018","2018","hg/ha","180988","Fc","Calculated data"
"QC","Crops","109","Jamaica","5419","Yield","122","Sweet potatoes","2019","2019","hg/ha","175847","Fc","Calculated data"
"QC","Crops","109","Jamaica","5510","Production","122","Sweet potatoes","1961","1961","tonnes","8797","","Official data"
"QC","Crops","109","Jamaica","5510","Production","122","Sweet potatoes","1962","1962","tonnes","8165","","Official data"
"QC","Crops","109","Jamaica","5510","Production","122","Sweet potatoes","1963","1963","tonnes","10886","","Official data"
"QC","Crops","109","Jamaica","5510","Production","122","Sweet potatoes","1964","1964","tonnes","15241","","Official data"
"QC","Crops","109","Jamaica","5510","Production","122","Sweet potatoes","1965","1965","tonnes","14602","","Official data"
"QC","Crops","109","Jamaica","5510","Production","122","Sweet potatoes","1966","1966","tonnes","20373","","Official data"
"QC","Crops","109","Jamaica","5510","Production","122","Sweet potatoes","1967","1967","tonnes","11085","","Official data"
"QC","Crops","109","Jamaica","5510","Production","122","Sweet potatoes","1968","1968","tonnes","12310","","Official data"
"QC","Crops","109","Jamaica","5510","Production","122","Sweet potatoes","1969","1969","tonnes","15322","","Official data"
"QC","Crops","109","Jamaica","5510","Production","122","Sweet potatoes","1970","1970","tonnes","12679","","Official data"
"QC","Crops","109","Jamaica","5510","Production","122","Sweet potatoes","1971","1971","tonnes","19584","","Official data"
"QC","Crops","109","Jamaica","5510","Production","122","Sweet potatoes","1972","1972","tonnes","19947","","Official data"
"QC","Crops","109","Jamaica","5510","Production","122","Sweet potatoes","1973","1973","tonnes","16125","","Official data"
"QC","Crops","109","Jamaica","5510","Production","122","Sweet potatoes","1974","1974","tonnes","20702","","Official data"
"QC","Crops","109","Jamaica","5510","Production","122","Sweet potatoes","1975","1975","tonnes","15086","","Official data"
"QC","Crops","109","Jamaica","5510","Production","122","Sweet potatoes","1976","1976","tonnes","16347","","Official data"
"QC","Crops","109","Jamaica","5510","Production","122","Sweet potatoes","1977","1977","tonnes","21556","","Official data"
"QC","Crops","109","Jamaica","5510","Production","122","Sweet potatoes","1978","1978","tonnes","39223","","Official data"
"QC","Crops","109","Jamaica","5510","Production","122","Sweet potatoes","1979","1979","tonnes","21162","","Official data"
"QC","Crops","109","Jamaica","5510","Production","122","Sweet potatoes","1980","1980","tonnes","21007","","Official data"
"QC","Crops","109","Jamaica","5510","Production","122","Sweet potatoes","1981","1981","tonnes","24182","","Official data"
"QC","Crops","109","Jamaica","5510","Production","122","Sweet potatoes","1982","1982","tonnes","17019","","Official data"
"QC","Crops","109","Jamaica","5510","Production","122","Sweet potatoes","1983","1983","tonnes","24089","","Official data"
"QC","Crops","109","Jamaica","5510","Production","122","Sweet potatoes","1984","1984","tonnes","35897","","Official data"
"QC","Crops","109","Jamaica","5510","Production","122","Sweet potatoes","1985","1985","tonnes","31676","","Official data"
"QC","Crops","109","Jamaica","5510","Production","122","Sweet potatoes","1986","1986","tonnes","26978","","Official data"
"QC","Crops","109","Jamaica","5510","Production","122","Sweet potatoes","1987","1987","tonnes","24321","","Official data"
"QC","Crops","109","Jamaica","5510","Production","122","Sweet potatoes","1988","1988","tonnes","19797","","Official data"
"QC","Crops","109","Jamaica","5510","Production","122","Sweet potatoes","1989","1989","tonnes","21817","","Official data"
"QC","Crops","109","Jamaica","5510","Production","122","Sweet potatoes","1990","1990","tonnes","21462","","Official data"
"QC","Crops","109","Jamaica","5510","Production","122","Sweet potatoes","1991","1991","tonnes","17459","","Official data"
"QC","Crops","109","Jamaica","5510","Production","122","Sweet potatoes","1992","1992","tonnes","23791","","Official data"
"QC","Crops","109","Jamaica","5510","Production","122","Sweet potatoes","1993","1993","tonnes","26763","","Official data"
"QC","Crops","109","Jamaica","5510","Production","122","Sweet potatoes","1994","1994","tonnes","28823","","Official data"
"QC","Crops","109","Jamaica","5510","Production","122","Sweet potatoes","1995","1995","tonnes","30560","","Official data"
"QC","Crops","109","Jamaica","5510","Production","122","Sweet potatoes","1996","1996","tonnes","33218","","Official data"
"QC","Crops","109","Jamaica","5510","Production","122","Sweet potatoes","1997","1997","tonnes","23314","","Official data"
"QC","Crops","109","Jamaica","5510","Production","122","Sweet potatoes","1998","1998","tonnes","27132","","Official data"
"QC","Crops","109","Jamaica","5510","Production","122","Sweet potatoes","1999","1999","tonnes","24970","","Official data"
"QC","Crops","109","Jamaica","5510","Production","122","Sweet potatoes","2000","2000","tonnes","21139","","Official data"
"QC","Crops","109","Jamaica","5510","Production","122","Sweet potatoes","2001","2001","tonnes","24870","","Official data"
"QC","Crops","109","Jamaica","5510","Production","122","Sweet potatoes","2002","2002","tonnes","20012","","Official data"
"QC","Crops","109","Jamaica","5510","Production","122","Sweet potatoes","2003","2003","tonnes","23595","","Official data"
"QC","Crops","109","Jamaica","5510","Production","122","Sweet potatoes","2004","2004","tonnes","18639","","Official data"
"QC","Crops","109","Jamaica","5510","Production","122","Sweet potatoes","2005","2005","tonnes","25237","","Official data"
"QC","Crops","109","Jamaica","5510","Production","122","Sweet potatoes","2006","2006","tonnes","27468","","Official data"
"QC","Crops","109","Jamaica","5510","Production","122","Sweet potatoes","2007","2007","tonnes","26055","","Official data"
"QC","Crops","109","Jamaica","5510","Production","122","Sweet potatoes","2008","2008","tonnes","25797","","Official data"
"QC","Crops","109","Jamaica","5510","Production","122","Sweet potatoes","2009","2009","tonnes","34229","","Official data"
"QC","Crops","109","Jamaica","5510","Production","122","Sweet potatoes","2010","2010","tonnes","34512","","Official data"
"QC","Crops","109","Jamaica","5510","Production","122","Sweet potatoes","2011","2011","tonnes","42091","","Official data"
"QC","Crops","109","Jamaica","5510","Production","122","Sweet potatoes","2012","2012","tonnes","42165","","Official data"
"QC","Crops","109","Jamaica","5510","Production","122","Sweet potatoes","2013","2013","tonnes","44224","","Official data"
"QC","Crops","109","Jamaica","5510","Production","122","Sweet potatoes","2014","2014","tonnes","39412","","Official data"
"QC","Crops","109","Jamaica","5510","Production","122","Sweet potatoes","2015","2015","tonnes","40535","","Official data"
"QC","Crops","109","Jamaica","5510","Production","122","Sweet potatoes","2016","2016","tonnes","48006","","Official data"
"QC","Crops","109","Jamaica","5510","Production","122","Sweet potatoes","2017","2017","tonnes","41996","","Official data"
"QC","Crops","109","Jamaica","5510","Production","122","Sweet potatoes","2018","2018","tonnes","45410","","Official data"
"QC","Crops","109","Jamaica","5510","Production","122","Sweet potatoes","2019","2019","tonnes","43188","","Official data"
"QC","Crops","109","Jamaica","5312","Area harvested","388","Tomatoes","1961","1961","ha","180","F","FAO estimate"
"QC","Crops","109","Jamaica","5312","Area harvested","388","Tomatoes","1962","1962","ha","150","F","FAO estimate"
"QC","Crops","109","Jamaica","5312","Area harvested","388","Tomatoes","1963","1963","ha","250","F","FAO estimate"
"QC","Crops","109","Jamaica","5312","Area harvested","388","Tomatoes","1964","1964","ha","362","","Official data"
"QC","Crops","109","Jamaica","5312","Area harvested","388","Tomatoes","1965","1965","ha","434","","Official data"
"QC","Crops","109","Jamaica","5312","Area harvested","388","Tomatoes","1966","1966","ha","661","","Official data"
"QC","Crops","109","Jamaica","5312","Area harvested","388","Tomatoes","1967","1967","ha","499","","Official data"
"QC","Crops","109","Jamaica","5312","Area harvested","388","Tomatoes","1968","1968","ha","588","","Official data"
"QC","Crops","109","Jamaica","5312","Area harvested","388","Tomatoes","1969","1969","ha","501","","Official data"
"QC","Crops","109","Jamaica","5312","Area harvested","388","Tomatoes","1970","1970","ha","746","","Official data"
"QC","Crops","109","Jamaica","5312","Area harvested","388","Tomatoes","1971","1971","ha","1023","","Official data"
"QC","Crops","109","Jamaica","5312","Area harvested","388","Tomatoes","1972","1972","ha","971","","Official data"
"QC","Crops","109","Jamaica","5312","Area harvested","388","Tomatoes","1973","1973","ha","1099","","Official data"
"QC","Crops","109","Jamaica","5312","Area harvested","388","Tomatoes","1974","1974","ha","1066","","Official data"
"QC","Crops","109","Jamaica","5312","Area harvested","388","Tomatoes","1975","1975","ha","1137","","Official data"
"QC","Crops","109","Jamaica","5312","Area harvested","388","Tomatoes","1976","1976","ha","1364","","Official data"
"QC","Crops","109","Jamaica","5312","Area harvested","388","Tomatoes","1977","1977","ha","1757","","Official data"
"QC","Crops","109","Jamaica","5312","Area harvested","388","Tomatoes","1978","1978","ha","1809","","Official data"
"QC","Crops","109","Jamaica","5312","Area harvested","388","Tomatoes","1979","1979","ha","1712","","Official data"
"QC","Crops","109","Jamaica","5312","Area harvested","388","Tomatoes","1980","1980","ha","1904","","Official data"
"QC","Crops","109","Jamaica","5312","Area harvested","388","Tomatoes","1981","1981","ha","1825","","Official data"
"QC","Crops","109","Jamaica","5312","Area harvested","388","Tomatoes","1982","1982","ha","1432","","Official data"
"QC","Crops","109","Jamaica","5312","Area harvested","388","Tomatoes","1983","1983","ha","1634","","Official data"
"QC","Crops","109","Jamaica","5312","Area harvested","388","Tomatoes","1984","1984","ha","1973","","Official data"
"QC","Crops","109","Jamaica","5312","Area harvested","388","Tomatoes","1985","1985","ha","1602","","Official data"
"QC","Crops","109","Jamaica","5312","Area harvested","388","Tomatoes","1986","1986","ha","1359","","Official data"
"QC","Crops","109","Jamaica","5312","Area harvested","388","Tomatoes","1987","1987","ha","1419","","Official data"
"QC","Crops","109","Jamaica","5312","Area harvested","388","Tomatoes","1988","1988","ha","1131","","Official data"
"QC","Crops","109","Jamaica","5312","Area harvested","388","Tomatoes","1989","1989","ha","1161","","Official data"
"QC","Crops","109","Jamaica","5312","Area harvested","388","Tomatoes","1990","1990","ha","1245","","Official data"
"QC","Crops","109","Jamaica","5312","Area harvested","388","Tomatoes","1991","1991","ha","1057","","Official data"
"QC","Crops","109","Jamaica","5312","Area harvested","388","Tomatoes","1992","1992","ha","1174","","Official data"
"QC","Crops","109","Jamaica","5312","Area harvested","388","Tomatoes","1993","1993","ha","1232","","Official data"
"QC","Crops","109","Jamaica","5312","Area harvested","388","Tomatoes","1994","1994","ha","1399","","Official data"
"QC","Crops","109","Jamaica","5312","Area harvested","388","Tomatoes","1995","1995","ha","1406","","Official data"
"QC","Crops","109","Jamaica","5312","Area harvested","388","Tomatoes","1996","1996","ha","1451","","Official data"
"QC","Crops","109","Jamaica","5312","Area harvested","388","Tomatoes","1997","1997","ha","1172","","Official data"
"QC","Crops","109","Jamaica","5312","Area harvested","388","Tomatoes","1998","1998","ha","1171","","Official data"
"QC","Crops","109","Jamaica","5312","Area harvested","388","Tomatoes","1999","1999","ha","1207","","Official data"
"QC","Crops","109","Jamaica","5312","Area harvested","388","Tomatoes","2000","2000","ha","1193","","Official data"
"QC","Crops","109","Jamaica","5312","Area harvested","388","Tomatoes","2001","2001","ha","1321","","Official data"
"QC","Crops","109","Jamaica","5312","Area harvested","388","Tomatoes","2002","2002","ha","1122","","Official data"
"QC","Crops","109","Jamaica","5312","Area harvested","388","Tomatoes","2003","2003","ha","1370","","Official data"
"QC","Crops","109","Jamaica","5312","Area harvested","388","Tomatoes","2004","2004","ha","1088","","Official data"
"QC","Crops","109","Jamaica","5312","Area harvested","388","Tomatoes","2005","2005","ha","1189","","Official data"
"QC","Crops","109","Jamaica","5312","Area harvested","388","Tomatoes","2006","2006","ha","1350","","Official data"
"QC","Crops","109","Jamaica","5312","Area harvested","388","Tomatoes","2007","2007","ha","1165","","Official data"
"QC","Crops","109","Jamaica","5312","Area harvested","388","Tomatoes","2008","2008","ha","1155","","Official data"
"QC","Crops","109","Jamaica","5312","Area harvested","388","Tomatoes","2009","2009","ha","1278","","Official data"
"QC","Crops","109","Jamaica","5312","Area harvested","388","Tomatoes","2010","2010","ha","1281","","Official data"
"QC","Crops","109","Jamaica","5312","Area harvested","388","Tomatoes","2011","2011","ha","1595","","Official data"
"QC","Crops","109","Jamaica","5312","Area harvested","388","Tomatoes","2012","2012","ha","1668","","Official data"
"QC","Crops","109","Jamaica","5312","Area harvested","388","Tomatoes","2013","2013","ha","1774","","Official data"
"QC","Crops","109","Jamaica","5312","Area harvested","388","Tomatoes","2014","2014","ha","1541","","Official data"
"QC","Crops","109","Jamaica","5312","Area harvested","388","Tomatoes","2015","2015","ha","1487","","Official data"
"QC","Crops","109","Jamaica","5312","Area harvested","388","Tomatoes","2016","2016","ha","1635","","Official data"
"QC","Crops","109","Jamaica","5312","Area harvested","388","Tomatoes","2017","2017","ha","1470","","Official data"
"QC","Crops","109","Jamaica","5312","Area harvested","388","Tomatoes","2018","2018","ha","1542","","Official data"
"QC","Crops","109","Jamaica","5312","Area harvested","388","Tomatoes","2019","2019","ha","1471","","Official data"
"QC","Crops","109","Jamaica","5419","Yield","388","Tomatoes","1961","1961","hg/ha","88222","Fc","Calculated data"
"QC","Crops","109","Jamaica","5419","Yield","388","Tomatoes","1962","1962","hg/ha","90733","Fc","Calculated data"
"QC","Crops","109","Jamaica","5419","Yield","388","Tomatoes","1963","1963","hg/ha","90720","Fc","Calculated data"
"QC","Crops","109","Jamaica","5419","Yield","388","Tomatoes","1964","1964","hg/ha","102928","Fc","Calculated data"
"QC","Crops","109","Jamaica","5419","Yield","388","Tomatoes","1965","1965","hg/ha","103226","Fc","Calculated data"
"QC","Crops","109","Jamaica","5419","Yield","388","Tomatoes","1966","1966","hg/ha","91952","Fc","Calculated data"
"QC","Crops","109","Jamaica","5419","Yield","388","Tomatoes","1967","1967","hg/ha","113948","Fc","Calculated data"
"QC","Crops","109","Jamaica","5419","Yield","388","Tomatoes","1968","1968","hg/ha","90068","Fc","Calculated data"
"QC","Crops","109","Jamaica","5419","Yield","388","Tomatoes","1969","1969","hg/ha","93413","Fc","Calculated data"
"QC","Crops","109","Jamaica","5419","Yield","388","Tomatoes","1970","1970","hg/ha","87855","Fc","Calculated data"
"QC","Crops","109","Jamaica","5419","Yield","388","Tomatoes","1971","1971","hg/ha","89433","Fc","Calculated data"
"QC","Crops","109","Jamaica","5419","Yield","388","Tomatoes","1972","1972","hg/ha","84758","Fc","Calculated data"
"QC","Crops","109","Jamaica","5419","Yield","388","Tomatoes","1973","1973","hg/ha","80237","Fc","Calculated data"
"QC","Crops","109","Jamaica","5419","Yield","388","Tomatoes","1974","1974","hg/ha","80478","Fc","Calculated data"
"QC","Crops","109","Jamaica","5419","Yield","388","Tomatoes","1975","1975","hg/ha","74802","Fc","Calculated data"
"QC","Crops","109","Jamaica","5419","Yield","388","Tomatoes","1976","1976","hg/ha","87727","Fc","Calculated data"
"QC","Crops","109","Jamaica","5419","Yield","388","Tomatoes","1977","1977","hg/ha","96135","Fc","Calculated data"
"QC","Crops","109","Jamaica","5419","Yield","388","Tomatoes","1978","1978","hg/ha","96147","Fc","Calculated data"
"QC","Crops","109","Jamaica","5419","Yield","388","Tomatoes","1979","1979","hg/ha","121484","Fc","Calculated data"
"QC","Crops","109","Jamaica","5419","Yield","388","Tomatoes","1980","1980","hg/ha","121681","Fc","Calculated data"
"QC","Crops","109","Jamaica","5419","Yield","388","Tomatoes","1981","1981","hg/ha","123479","Fc","Calculated data"
"QC","Crops","109","Jamaica","5419","Yield","388","Tomatoes","1982","1982","hg/ha","118932","Fc","Calculated data"
"QC","Crops","109","Jamaica","5419","Yield","388","Tomatoes","1983","1983","hg/ha","117264","Fc","Calculated data"
"QC","Crops","109","Jamaica","5419","Yield","388","Tomatoes","1984","1984","hg/ha","149716","Fc","Calculated data"
"QC","Crops","109","Jamaica","5419","Yield","388","Tomatoes","1985","1985","hg/ha","121723","Fc","Calculated data"
"QC","Crops","109","Jamaica","5419","Yield","388","Tomatoes","1986","1986","hg/ha","121096","Fc","Calculated data"
"QC","Crops","109","Jamaica","5419","Yield","388","Tomatoes","1987","1987","hg/ha","112509","Fc","Calculated data"
"QC","Crops","109","Jamaica","5419","Yield","388","Tomatoes","1988","1988","hg/ha","114562","Fc","Calculated data"
"QC","Crops","109","Jamaica","5419","Yield","388","Tomatoes","1989","1989","hg/ha","131516","Fc","Calculated data"
"QC","Crops","109","Jamaica","5419","Yield","388","Tomatoes","1990","1990","hg/ha","114546","Fc","Calculated data"
"QC","Crops","109","Jamaica","5419","Yield","388","Tomatoes","1991","1991","hg/ha","103463","Fc","Calculated data"
"QC","Crops","109","Jamaica","5419","Yield","388","Tomatoes","1992","1992","hg/ha","119830","Fc","Calculated data"
"QC","Crops","109","Jamaica","5419","Yield","388","Tomatoes","1993","1993","hg/ha","141218","Fc","Calculated data"
"QC","Crops","109","Jamaica","5419","Yield","388","Tomatoes","1994","1994","hg/ha","143910","Fc","Calculated data"
"QC","Crops","109","Jamaica","5419","Yield","388","Tomatoes","1995","1995","hg/ha","150861","Fc","Calculated data"
"QC","Crops","109","Jamaica","5419","Yield","388","Tomatoes","1996","1996","hg/ha","166189","Fc","Calculated data"
"QC","Crops","109","Jamaica","5419","Yield","388","Tomatoes","1997","1997","hg/ha","147056","Fc","Calculated data"
"QC","Crops","109","Jamaica","5419","Yield","388","Tomatoes","1998","1998","hg/ha","151409","Fc","Calculated data"
"QC","Crops","109","Jamaica","5419","Yield","388","Tomatoes","1999","1999","hg/ha","178633","Fc","Calculated data"
"QC","Crops","109","Jamaica","5419","Yield","388","Tomatoes","2000","2000","hg/ha","175532","Fc","Calculated data"
"QC","Crops","109","Jamaica","5419","Yield","388","Tomatoes","2001","2001","hg/ha","182657","Fc","Calculated data"
"QC","Crops","109","Jamaica","5419","Yield","388","Tomatoes","2002","2002","hg/ha","172861","Fc","Calculated data"
"QC","Crops","109","Jamaica","5419","Yield","388","Tomatoes","2003","2003","hg/ha","182664","Fc","Calculated data"
"QC","Crops","109","Jamaica","5419","Yield","388","Tomatoes","2004","2004","hg/ha","171452","Fc","Calculated data"
"QC","Crops","109","Jamaica","5419","Yield","388","Tomatoes","2005","2005","hg/ha","171859","Fc","Calculated data"
"QC","Crops","109","Jamaica","5419","Yield","388","Tomatoes","2006","2006","hg/ha","171037","Fc","Calculated data"
"QC","Crops","109","Jamaica","5419","Yield","388","Tomatoes","2007","2007","hg/ha","168034","Fc","Calculated data"
"QC","Crops","109","Jamaica","5419","Yield","388","Tomatoes","2008","2008","hg/ha","167853","Fc","Calculated data"
"QC","Crops","109","Jamaica","5419","Yield","388","Tomatoes","2009","2009","hg/ha","165806","Fc","Calculated data"
"QC","Crops","109","Jamaica","5419","Yield","388","Tomatoes","2010","2010","hg/ha","148368","Fc","Calculated data"
"QC","Crops","109","Jamaica","5419","Yield","388","Tomatoes","2011","2011","hg/ha","168966","Fc","Calculated data"
"QC","Crops","109","Jamaica","5419","Yield","388","Tomatoes","2012","2012","hg/ha","159029","Fc","Calculated data"
"QC","Crops","109","Jamaica","5419","Yield","388","Tomatoes","2013","2013","hg/ha","164194","Fc","Calculated data"
"QC","Crops","109","Jamaica","5419","Yield","388","Tomatoes","2014","2014","hg/ha","163777","Fc","Calculated data"
"QC","Crops","109","Jamaica","5419","Yield","388","Tomatoes","2015","2015","hg/ha","160659","Fc","Calculated data"
"QC","Crops","109","Jamaica","5419","Yield","388","Tomatoes","2016","2016","hg/ha","192214","Fc","Calculated data"
"QC","Crops","109","Jamaica","5419","Yield","388","Tomatoes","2017","2017","hg/ha","187381","Fc","Calculated data"
"QC","Crops","109","Jamaica","5419","Yield","388","Tomatoes","2018","2018","hg/ha","197471","Fc","Calculated data"
"QC","Crops","109","Jamaica","5419","Yield","388","Tomatoes","2019","2019","hg/ha","192182","Fc","Calculated data"
"QC","Crops","109","Jamaica","5510","Production","388","Tomatoes","1961","1961","tonnes","1588","","Official data"
"QC","Crops","109","Jamaica","5510","Production","388","Tomatoes","1962","1962","tonnes","1361","","Official data"
"QC","Crops","109","Jamaica","5510","Production","388","Tomatoes","1963","1963","tonnes","2268","","Official data"
"QC","Crops","109","Jamaica","5510","Production","388","Tomatoes","1964","1964","tonnes","3726","","Official data"
"QC","Crops","109","Jamaica","5510","Production","388","Tomatoes","1965","1965","tonnes","4480","","Official data"
"QC","Crops","109","Jamaica","5510","Production","388","Tomatoes","1966","1966","tonnes","6078","","Official data"
"QC","Crops","109","Jamaica","5510","Production","388","Tomatoes","1967","1967","tonnes","5686","","Official data"
"QC","Crops","109","Jamaica","5510","Production","388","Tomatoes","1968","1968","tonnes","5296","","Official data"
"QC","Crops","109","Jamaica","5510","Production","388","Tomatoes","1969","1969","tonnes","4680","","Official data"
"QC","Crops","109","Jamaica","5510","Production","388","Tomatoes","1970","1970","tonnes","6554","","Official data"
"QC","Crops","109","Jamaica","5510","Production","388","Tomatoes","1971","1971","tonnes","9149","","Official data"
"QC","Crops","109","Jamaica","5510","Production","388","Tomatoes","1972","1972","tonnes","8230","","Official data"
"QC","Crops","109","Jamaica","5510","Production","388","Tomatoes","1973","1973","tonnes","8818","","Official data"
"QC","Crops","109","Jamaica","5510","Production","388","Tomatoes","1974","1974","tonnes","8579","","Official data"
"QC","Crops","109","Jamaica","5510","Production","388","Tomatoes","1975","1975","tonnes","8505","","Official data"
"QC","Crops","109","Jamaica","5510","Production","388","Tomatoes","1976","1976","tonnes","11966","","Official data"
"QC","Crops","109","Jamaica","5510","Production","388","Tomatoes","1977","1977","tonnes","16891","","Official data"
"QC","Crops","109","Jamaica","5510","Production","388","Tomatoes","1978","1978","tonnes","17393","","Official data"
"QC","Crops","109","Jamaica","5510","Production","388","Tomatoes","1979","1979","tonnes","20798","","Official data"
"QC","Crops","109","Jamaica","5510","Production","388","Tomatoes","1980","1980","tonnes","23168","","Official data"
"QC","Crops","109","Jamaica","5510","Production","388","Tomatoes","1981","1981","tonnes","22535","","Official data"
"QC","Crops","109","Jamaica","5510","Production","388","Tomatoes","1982","1982","tonnes","17031","","Official data"
"QC","Crops","109","Jamaica","5510","Production","388","Tomatoes","1983","1983","tonnes","19161","","Official data"
"QC","Crops","109","Jamaica","5510","Production","388","Tomatoes","1984","1984","tonnes","29539","","Official data"
"QC","Crops","109","Jamaica","5510","Production","388","Tomatoes","1985","1985","tonnes","19500","","Official data"
"QC","Crops","109","Jamaica","5510","Production","388","Tomatoes","1986","1986","tonnes","16457","","Official data"
"QC","Crops","109","Jamaica","5510","Production","388","Tomatoes","1987","1987","tonnes","15965","","Official data"
"QC","Crops","109","Jamaica","5510","Production","388","Tomatoes","1988","1988","tonnes","12957","","Official data"
"QC","Crops","109","Jamaica","5510","Production","388","Tomatoes","1989","1989","tonnes","15269","","Official data"
"QC","Crops","109","Jamaica","5510","Production","388","Tomatoes","1990","1990","tonnes","14261","","Official data"
"QC","Crops","109","Jamaica","5510","Production","388","Tomatoes","1991","1991","tonnes","10936","","Official data"
"QC","Crops","109","Jamaica","5510","Production","388","Tomatoes","1992","1992","tonnes","14068","","Official data"
"QC","Crops","109","Jamaica","5510","Production","388","Tomatoes","1993","1993","tonnes","17398","","Official data"
"QC","Crops","109","Jamaica","5510","Production","388","Tomatoes","1994","1994","tonnes","20133","","Official data"
"QC","Crops","109","Jamaica","5510","Production","388","Tomatoes","1995","1995","tonnes","21211","","Official data"
"QC","Crops","109","Jamaica","5510","Production","388","Tomatoes","1996","1996","tonnes","24114","","Official data"
"QC","Crops","109","Jamaica","5510","Production","388","Tomatoes","1997","1997","tonnes","17235","","Official data"
"QC","Crops","109","Jamaica","5510","Production","388","Tomatoes","1998","1998","tonnes","17730","","Official data"
"QC","Crops","109","Jamaica","5510","Production","388","Tomatoes","1999","1999","tonnes","21561","","Official data"
"QC","Crops","109","Jamaica","5510","Production","388","Tomatoes","2000","2000","tonnes","20941","","Official data"
"QC","Crops","109","Jamaica","5510","Production","388","Tomatoes","2001","2001","tonnes","24129","","Official data"
"QC","Crops","109","Jamaica","5510","Production","388","Tomatoes","2002","2002","tonnes","19395","","Official data"
"QC","Crops","109","Jamaica","5510","Production","388","Tomatoes","2003","2003","tonnes","25025","","Official data"
"QC","Crops","109","Jamaica","5510","Production","388","Tomatoes","2004","2004","tonnes","18654","","Official data"
"QC","Crops","109","Jamaica","5510","Production","388","Tomatoes","2005","2005","tonnes","20434","","Official data"
"QC","Crops","109","Jamaica","5510","Production","388","Tomatoes","2006","2006","tonnes","23090","","Official data"
"QC","Crops","109","Jamaica","5510","Production","388","Tomatoes","2007","2007","tonnes","19576","","Official data"
"QC","Crops","109","Jamaica","5510","Production","388","Tomatoes","2008","2008","tonnes","19387","","Official data"
"QC","Crops","109","Jamaica","5510","Production","388","Tomatoes","2009","2009","tonnes","21190","","Official data"
"QC","Crops","109","Jamaica","5510","Production","388","Tomatoes","2010","2010","tonnes","19006","","Official data"
"QC","Crops","109","Jamaica","5510","Production","388","Tomatoes","2011","2011","tonnes","26950","","Official data"
"QC","Crops","109","Jamaica","5510","Production","388","Tomatoes","2012","2012","tonnes","26526","","Official data"
"QC","Crops","109","Jamaica","5510","Production","388","Tomatoes","2013","2013","tonnes","29128","","Official data"
"QC","Crops","109","Jamaica","5510","Production","388","Tomatoes","2014","2014","tonnes","25238","","Official data"
"QC","Crops","109","Jamaica","5510","Production","388","Tomatoes","2015","2015","tonnes","23890","","Official data"
"QC","Crops","109","Jamaica","5510","Production","388","Tomatoes","2016","2016","tonnes","31427","","Official data"
"QC","Crops","109","Jamaica","5510","Production","388","Tomatoes","2017","2017","tonnes","27545","","Official data"
"QC","Crops","109","Jamaica","5510","Production","388","Tomatoes","2018","2018","tonnes","30450","","Official data"
"QC","Crops","109","Jamaica","5510","Production","388","Tomatoes","2019","2019","tonnes","28270","","Official data"
